score,response
0.281944398,0
0.675918149,0
0.029704759,1
0.68399505,1
0.386584357,1
0.627650637,0
0.186482571,1
0.660483692,1
0.137889864,0
0.005537542,1
0.544508359,1
0.880769764,0
0.89412126,1
0.927798591,0
0.550821408,0
0.632940516,0
0.761562214,1
0.912124218,0
0.024346397,0
0.387897516,1
0.546856898,0
0.21136321,0
0.264729248,1
0.024904645,0
0.102781269,0
0.501162027,0
0.033536636,1
0.853900272,1
0.763956289,0
0.447780945,0
0.153437296,0
0.95570135,0
0.982289418,1
0.189297577,1
0.061212128,1
0.435636103,0
0.910825555,1
0.289017677,1
0.39620317,0
0.270199994,1
0.277829963,1
0.463517444,0
0.655891439,1
0.463840117,0
0.508941453,1
0.831554248,1
0.295144548,0
0.473761335,0
0.249723553,0
0.031534954,0
0.951646486,0
0.588933059,0
0.855034148,1
0.401956238,1
0.293234625,0
0.044913971,1
0.474448262,1
0.558060616,1
0.77007058,1
0.214598584,0
0.46720707,1
0.394704641,1
0.317312013,0
0.335894567,1
0.852945999,0
0.019372613,0
0.890305384,0
0.133395893,0
0.519248452,0
0.46970996,0
0.322045351,0
0.242990827,1
0.053686854,0
0.432003742,0
0.248000412,0
0.75871013,0
0.97560038,1
0.371783983,1
0.418445115,0
0.888441857,0
0.491915988,1
0.319658158,1
0.522239276,1
0.046120712,1
0.567643957,0
0.161766694,1
0.238504187,0
0.313098314,0
0.549976301,0
0.283463527,0
0.358109792,1
0.490311608,1
0.910875175,0
0.742160689,0
0.509180769,1
0.103681406,1
0.824942417,0
0.691076056,1
0.201722083,1
0.205628757,1
0.645190672,0
0.933502608,1
0.116845144,0
0.092348048,0
0.614454917,1
0.232539765,1
0.919618828,1
0.340143678,0
0.945645673,1
0.015354365,1
0.0894667,0
0.523212725,1
0.121896165,0
0.80325128,1
0.739532777,1
0.907261236,0
0.228188398,0
0.166832084,0
0.91753057,1
0.313440285,1
0.019734107,1
0.391984918,0
0.721350107,0
0.587909237,0
0.360903136,1
0.194116002,1
0.342269888,0
0.41712026,1
0.366540673,0
0.065690627,1
0.927810998,0
0.071974578,1
0.9855949,0
0.664042671,1
0.656362634,0
0.052210091,1
0.554844881,0
0.108751224,0
0.268634799,0
0.6430067,1
0.124928907,1
0.399492047,1
0.77181287,1
0.170749017,0
0.087185624,0
0.418856789,0
0.72907489,0
0.489026629,0
0.053946552,0
0.359533644,0
0.646230562,0
0.393648515,1
0.3267056,1
0.134246119,0
0.136751246,0
0.601833389,1
0.889687652,1
0.341881597,0
0.449551037,1
0.634420639,1
0.483831527,1
0.137293416,1
0.356428956,0
0.357812051,0
0.920111295,1
0.069821942,1
0.927048233,1
0.433856994,0
0.244930524,0
0.976030609,1
0.87508719,1
0.595449802,1
0.068237813,1
0.22461862,0
0.917848929,0
0.662607787,0
0.118549971,1
0.256687932,1
0.202122422,1
0.170442059,1
0.060570464,0
0.922957228,0
0.777161964,0
0.410096169,1
0.261478019,1
0.059672212,1
0.195926896,1
0.233561659,1
0.379457054,0
0.757533263,0
0.567876193,0
0.256642294,1
0.882215961,0
0.499953629,1
0.745868445,0
0.581969124,1
0.922000468,0
0.226177326,1
0.98611264,0
0.234853886,0
0.36056882,1
0.683554557,1
0.751250637,0
0.163260675,0
0.585281805,1
0.99901142,0
0.199074133,0
0.094538823,1
0.381555106,1
0.579374521,1
0.387569943,0
0.099360447,1
0.885014675,0
0.967267889,1
0.438967734,0
0.468210966,0
0.762654938,1
0.252488764,1
0.474562546,1
0.537657869,0
0.141597866,1
0.590392591,1
0.724314692,0
0.982175204,1
0.881448637,0
0.682899495,0
0.703830352,1
0.363055189,1
0.471769572,1
0.192200564,1
0.972835778,0
0.269486925,0
0.718959312,1
0.565001087,0
0.39137428,0
0.257550931,0
0.51507906,1
0.220247667,0
0.212779146,0
0.949948288,0
0.004003195,0
0.408055897,0
0.471733389,1
0.900686671,1
0.643207542,0
0.933753154,1
0.115329391,1
0.346920055,0
0.715698432,0
0.722213599,1
0.413854373,1
0.416036576,0
0.267933702,1
0.096045878,0
0.472133838,1
0.74172386,0
0.978216372,1
0.800020662,0
0.783789429,1
0.073691231,0
0.096196415,1
0.599589511,0
0.582460168,1
0.296420096,1
0.030729922,0
0.021834807,0
0.421306705,0
0.55298605,1
0.794787119,0
0.243132074,0
0.783137817,1
0.308863665,0
0.323341662,0
0.896940201,0
0.699878492,0
0.936702449,1
0.776610983,0
0.291153784,0
0.733733093,1
0.757645386,1
0.827549834,1
0.08037835,1
0.812839798,0
0.789696988,1
0.799440893,1
0.242228401,1
0.34873278,0
0.118143242,1
0.934305118,0
0.651967198,0
0.410251356,0
0.816471178,1
0.625427777,0
0.939179377,1
0.468072585,0
0.950391313,1
0.847006984,1
0.95588862,0
0.656460331,1
0.84789648,1
0.661480495,0
0.79707642,0
0.998940637,1
0.003365675,0
0.571510387,1
0.271470856,1
0.160521921,1
0.71199016,0
0.887332848,0
0.884801049,0
0.777504373,1
0.535059715,0
0.913024706,1
0.128583316,0
0.169085476,1
0.726030528,0
0.343293889,1
0.117923336,0
0.750166479,1
0.096087996,0
0.300806887,0
0.918431083,0
0.718925941,0
0.04832105,0
0.765045511,0
0.897648462,1
0.729037019,1
0.805441474,0
0.690616519,0
0.153266146,1
0.50246581,0
0.453156004,1
0.427275605,1
0.8571518,1
0.111089201,1
0.96665183,0
0.358099228,1
0.288057551,0
0.097993317,1
0.588577617,0
0.367479238,0
0.534805177,0
0.62101969,0
0.265294949,1
0.71383821,1
0.003332084,0
0.627807657,1
0.295016272,0
0.894663073,1
0.506438755,0
0.93930177,0
0.102822732,1
0.944750773,0
0.475878011,0
0.758484866,0
0.434333215,1
0.138534492,1
0.701978902,1
0.271024237,1
0.817607256,0
0.288469525,1
0.468846347,0
0.337000538,1
0.766672744,1
0.389900683,0
0.707629656,1
0.954521299,0
0.023510013,0
0.30736657,1
0.897010251,1
0.220692615,0
0.020704487,0
0.459587887,0
0.708552272,0
0.746356339,0
0.719383968,1
0.322029215,0
0.486228173,0
0.876863901,0
0.136786472,1
0.090657958,0
0.697550328,0
0.661950912,0
0.112397915,0
0.36865161,0
0.099704598,0
0.093456694,1
0.230320837,0
0.110611797,1
0.178835547,1
0.13499222,0
0.347602724,1
0.713627329,0
0.118556044,0
0.087346777,0
0.664928587,0
0.234207966,0
0.204849589,1
0.862084522,0
0.653052174,1
0.960917416,0
0.571153622,1
0.683499603,1
0.529696876,1
0.08453145,0
0.716288749,1
0.751230586,0
0.463935925,1
0.279713779,0
0.942468181,1
0.921270235,0
0.81761207,0
0.362063886,0
0.702987479,1
0.239928179,0
0.747408187,0
0.949149509,1
0.582620126,0
0.740704144,0
0.021160895,0
0.771812366,0
0.524850535,1
0.821417733,1
0.517494092,0
0.873546644,0
0.508304646,1
0.170037338,1
0.655767663,0
0.232839466,0
0.91783322,0
0.546751342,0
0.051595007,0
0.354514594,1
0.403822654,1
0.423277209,0
0.280018839,1
0.358694173,1
0.437660041,1
0.692328617,0
0.059096526,1
0.502889731,0
0.388153177,0
0.654783361,1
0.771878594,1
0.293031311,1
0.534850583,0
0.732610577,1
0.473796961,0
0.267567496,1
0.557254932,1
0.696277481,0
0.874476686,1
0.762434074,0
0.397758218,1
0.811236956,1
0.020756477,1
0.815535581,1
0.659481682,1
0.795344157,1
0.0297365,1
0.452359158,0
0.106529545,0
0.442882541,1
0.321171723,1
0.78442228,1
0.947229069,0
0.707901542,1
0.266746735,0
0.832650318,1
0.143272915,1
0.941970922,0
0.870730977,0
0.411991062,1
0.279178032,0
0.111758608,1
0.8270948,0
0.62649934,0
0.03757555,0
0.190354166,0
0.556783753,0
0.844207394,1
0.575009959,0
0.057683016,0
0.099216667,0
0.908852059,1
0.632624547,0
0.388131515,1
0.396678115,1
0.076548925,0
0.850792278,1
0.920384611,1
0.789963129,0
0.15988354,1
0.668074495,0
0.393772735,0
0.752798204,0
0.738955803,0
0.742552289,0
0.048695082,1
0.44955891,0
0.212636189,1
0.855409668,0
0.27070799,1
0.301511223,0
0.105256425,1
0.46887068,0
0.020202307,1
0.980588938,0
0.967552663,1
0.549889252,1
0.714653512,0
0.223959462,1
0.441238512,0
0.902178506,1
0.501116376,0
0.729469775,0
0.078447622,1
0.809913769,0
0.540174614,0
0.586228035,1
0.906629557,0
0.595271834,1
0.333439145,1
0.256767044,1
0.600668766,0
0.556043522,1
0.38850157,1
0.744726123,1
0.712532414,0
0.468775396,1
0.492479863,1
0.481016369,0
0.026221325,1
0.073789806,1
0.773184278,1
0.369108336,0
0.593337473,0
0.761334412,0
0.229828157,0
0.62152827,1
0.791687999,0
0.201046266,0
0.106176814,0
0.330900391,0
0.771443758,1
0.905215679,0
0.468269811,0
0.405657332,1
0.824203745,0
0.484476152,1
0.989693904,0
0.755778265,0
0.3502375,1
0.868449156,0
0.207444754,0
0.382185339,0
0.952200489,1
0.424331241,1
0.407461442,0
0.698671498,0
0.48098024,0
0.199086975,0
0.82179538,0
0.287920476,0
0.217877934,1
0.470171556,0
0.991151965,0
0.011220037,1
0.479000883,1
0.557375567,0
0.112146112,0
0.047193462,1
0.973437916,0
0.143216847,1
0.07063252,0
0.091423867,1
0.192747834,1
0.367913982,0
0.408173913,1
0.423230434,0
0.809877222,1
0.017652653,0
0.634505007,1
0.967281477,0
0.09450526,0
0.025738034,0
0.423132085,0
0.794878232,0
0.122271409,0
0.466301126,1
0.5299157,0
0.718961737,0
0.355385407,1
0.098586242,1
0.433691709,1
0.132085059,0
0.255749597,0
0.393119718,1
0.10955837,0
0.712212968,0
0.865987593,1
0.819390142,1
0.090364638,1
0.774414089,0
0.111417018,1
0.652944934,0
0.718607394,0
0.427731873,1
0.010935688,0
0.588005122,1
0.086192167,0
0.906249238,1
0.520596719,0
0.925185074,1
0.159289296,0
0.285697997,0
0.599366365,1
0.895167537,1
0.941523825,1
0.172583113,1
0.039423623,1
0.665591258,0
0.434171939,0
0.924883119,1
0.316900785,0
0.479434962,0
0.147177831,0
0.459654159,1
0.564132903,0
0.292710191,1
0.374597746,0
0.398832615,0
0.32836428,1
0.927161812,1
0.299329856,0
0.640882285,1
0.97705344,0
0.597982198,1
0.858009723,0
0.500312194,0
0.497264468,1
0.7077967,0
0.169383563,1
0.842780921,1
0.592582379,0
0.588445414,0
0.479383163,1
0.205003918,0
0.057544174,0
0.70367915,1
0.422415479,0
0.384954952,0
0.807896752,1
0.076886075,1
0.525457937,0
0.921409679,0
0.295145729,1
0.641598389,1
0.247069526,1
0.125715753,0
0.247618076,0
0.247751309,0
0.054472528,0
0.869927734,1
0.501745699,1
0.911914189,1
0.764335334,0
0.122864376,0
0.552668367,0
0.707413387,0
0.896580715,1
0.842994594,1
0.966507806,0
0.186085754,1
0.040296612,1
0.860580186,0
0.63710305,0
0.941713934,0
0.620531009,0
0.142550116,1
0.977010776,0
0.033123848,0
0.827244676,0
0.916393188,0
0.809408635,0
0.695329005,0
0.146844607,0
0.08494852,1
0.600829129,1
0.935841156,1
0.932021679,0
0.692960174,1
0.352188297,1
0.39054932,0
0.651704166,1
0.255545084,1
0.158231586,1
0.370070124,1
0.837663328,1
0.16548125,1
0.756319189,1
0.006719403,0
0.4374189,1
0.36360462,0
0.752335504,1
0.13147246,1
0.058457748,1
0.843185353,1
0.337497922,1
0.001910961,1
0.48071259,1
0.673589742,1
0.883642235,1
0.951396508,0
0.527355284,1
0.542336024,1
0.989918561,0
0.326102024,0
0.729353011,1
0.055393719,0
0.68400881,1
0.8022864,0
0.075313623,0
0.391475839,1
0.297374083,0
0.80035346,0
0.393323894,1
0.410845299,1
0.335948266,1
0.894874253,1
0.228878211,1
0.421141074,1
0.977674,1
0.262990438,0
0.077043712,1
0.677060217,0
0.991523265,1
0.474783212,0
0.079035234,1
0.603371767,1
0.043462339,0
0.364121097,0
0.639746255,1
0.238328172,0
0.53347527,1
0.386566868,0
0.319936715,1
0.840390364,0
0.37647443,0
0.192541688,1
0.830661572,0
0.189966047,0
0.447355563,0
0.802968422,1
0.41736413,1
0.24096396,1
0.074070436,1
0.324727351,0
0.018955028,1
0.861528123,1
0.066090612,1
0.750159046,1
0.717336003,1
0.530819721,1
0.305499626,0
0.555568597,1
0.432075969,0
0.21659514,0
0.186600358,0
0.803423517,0
0.348252006,1
0.23545795,0
0.860948764,0
0.045384692,0
0.411108837,1
0.334425165,1
0.026584885,1
0.552873506,1
0.002748563,1
0.943838206,0
0.110398016,1
0.512557885,0
0.184599976,0
0.236916379,0
0.488373145,0
0.303528599,0
0.075273578,0
0.347108041,1
0.664660779,1
0.649628607,1
0.049499041,0
0.596475125,1
0.834071763,0
0.981873091,0
0.360282279,0
0.808729,0
0.651721272,1
0.72943458,1
0.141351033,0
0.305644519,1
0.129978765,1
0.971300948,0
0.836311447,0
0.942975738,0
0.784259319,0
0.906986775,1
0.182141689,0
0.134831962,1
0.635265063,0
0.786192567,0
0.882017997,1
0.725851043,1
0.795193365,0
0.201827762,1
0.984058354,1
0.075085573,0
0.279382857,0
0.35383212,0
0.674601367,0
0.997731983,0
0.799114592,1
0.088848619,0
0.39796383,0
0.069335572,1
0.86895591,1
0.161076311,0
0.273615346,0
0.864989368,0
0.824345825,1
0.864519372,1
0.533183971,1
0.854387216,0
0.421911632,0
0.395303267,0
0.111915643,1
0.099740856,0
0.990659096,1
0.918471976,0
0.98555735,0
0.142006962,1
0.409576753,1
0.159746945,0
0.650683221,1
0.132806591,1
0.387446511,1
0.564723601,0
0.866196031,1
0.091242907,1
0.158489328,0
0.129748399,1
0.881956642,1
0.257394032,0
0.030012166,1
0.385094464,1
0.197338181,0
0.825887067,1
0.272318976,0
0.277926004,1
0.781567185,1
0.741530556,0
0.51318013,0
0.914197888,0
0.795560104,0
0.330748003,0
0.568173741,0
0.862921021,1
0.769693784,0
0.598087271,0
0.378731458,1
0.705071198,1
0.521607295,1
0.416974426,0
0.804763661,0
0.466636458,1
0.845330258,0
0.619041687,0
0.102348227,1
0.311988746,0
0.01978643,1
0.056416938,1
0.380096435,0
0.302836948,0
0.503699315,1
0.226352017,0
0.533081544,0
0.016776455,0
0.079247303,1
0.607267985,0
0.861926397,0
0.302714729,1
0.786578139,0
0.53275966,1
0.329720374,0
0.405679586,0
0.299496057,0
0.081688826,1
0.517222641,0
0.727743233,0
0.885003508,1
0.587997551,0
0.355322702,1
0.74169938,0
0.655921147,1
0.49292667,0
0.906167935,0
0.661711603,1
0.950222056,0
0.119769046,1
0.108567554,0
0.376078245,0
0.241198161,0
0.416009197,0
0.90897998,0
0.327314762,1
0.996932355,1
0.565908272,1
0.848574253,1
0.44778156,1
0.072507634,0
0.28977894,1
0.446741911,0
0.624880633,0
0.839972653,0
0.535340417,0
0.551460485,1
0.025999207,1
0.279351034,0
0.286818015,1
0.537347371,1
0.318161397,0
0.224376524,1
0.632235236,1
0.641817194,1
0.73267899,1
0.474120145,1
0.165535277,0
0.212848966,1
0.813552577,0
0.778935243,0
0.308141471,0
0.459390513,1
0.104289672,1
0.82664732,0
0.951871232,1
0.703784605,1
0.394022497,1
0.373373081,1
0.517906992,0
0.875653971,0
0.331087591,0
0.33933292,1
0.907129213,0
0.231998957,1
0.195175324,1
0.169975644,1
0.293201669,0
0.774659455,0
0.347793719,0
0.671323389,1
0.581893681,0
0.03140393,0
0.672201848,1
0.761164109,0
0.104155687,1
0.144058497,0
0.469339501,0
0.486861109,0
0.953320675,1
0.328708397,0
0.438074766,0
0.65536252,0
0.756511845,1
0.222511258,1
0.774358762,0
0.337892218,0
0.03532034,0
0.920648011,0
0.098344676,0
0.814108725,1
0.065909331,0
0.506215275,1
0.423566268,0
0.227455594,0
0.738298101,0
0.811005114,0
0.949589125,0
0.80602072,1
0.107443512,0
0.077314627,0
0.139284824,1
0.233826323,0
0.189262128,1
0.270349126,0
0.27363108,0
0.151452495,0
0.911238706,0
0.190702569,0
0.07360316,0
0.148645345,1
0.967454715,0
0.879631006,0
0.556403945,0
0.079097716,1
0.041840491,0
0.136262732,0
0.420021697,1
0.828282452,1
0.090339658,1
0.112049869,1
0.125699734,0
0.13707163,1
0.371036702,1
0.699013143,1
0.509984327,0
0.147779213,1
0.02661558,0
0.253472281,1
0.73418195,1
0.509292455,0
0.411960116,0
0.975927101,1
0.704070485,0
0.136930098,1
0.168978801,1
0.376842303,0
0.635734061,1
0.841107396,0
0.293935954,0
0.344283722,1
0.621937091,0
0.904227193,1
0.611856976,1
0.847542625,1
0.225018175,0
0.364818048,1
0.824298665,0
0.568779634,0
0.763375409,0
0.764656025,1
0.139109523,0
0.017965477,0
0.315932367,0
0.447553619,1
0.850955732,0
0.356985058,0
0.981511391,0
0.625336939,0
0.943373363,1
0.336191804,1
0.633073649,1
0.931864269,0
0.747420218,0
0.319811954,1
0.632839202,0
0.481647451,1
0.326882375,1
0.429509997,0
0.091976427,1
0.110239006,1
0.650376414,1
0.409508872,0
0.484794277,0
0.322922761,1
0.566883956,0
0.04344374,1
0.832076228,0
0.558495927,0
0.832278225,1
0.862942098,0
0.961894233,1
0.894152037,0
0.997331119,1
0.484475415,0
0.897239748,0
0.733043006,0
0.200428572,0
0.548492607,0
0.87375559,1
0.232758711,0
0.012850842,0
0.959719225,0
0.57166987,0
0.688453017,0
0.399975502,1
0.789707625,1
0.384934469,0
0.3986157,0
0.98167048,1
0.007599464,1
0.26644627,0
0.951622247,0
0.132572245,0
0.708984949,0
0.087116113,1
0.343458307,1
0.640566641,1
0.90129489,1
0.296453177,1
0.133609401,0
0.633084337,0
0.340241779,0
0.123278377,0
0.839500062,1
0.220776479,1
0.507400267,1
0.56454302,0
0.920563427,1
0.382024757,1
0.503098024,0
0.059861077,0
0.301676301,1
0.722754046,0
0.660494585,1
0.36082553,0
0.408014244,1
0.214631581,1
0.405166636,0
0.34536047,1
0.057147914,1
0.979178156,1
0.860134602,0
0.43057051,0
0.002025522,1
0.778794344,0
0.816789682,0
0.622639122,1
0.596644613,1
0.990842725,0
0.780752385,0
0.475845371,0
0.566749611,0
0.229291457,1
0.873662477,0
0.545519396,0
0.976320933,0
0.461538418,1
0.382391893,0
0.627208787,1
0.483124884,1
0.168595743,1
0.411777037,0
0.209661138,1
0.475463631,0
0.377741301,0
0.256647588,0
0.20307929,0
0.262944712,1
0.259936481,0
0.676934966,1
0.123343051,1
0.261009602,0
0.403127589,0
0.362413539,1
0.374114418,1
0.759252012,1
0.47672348,1
0.342609218,1
0.361138746,1
0.626007106,0
0.190909701,0
0.271722285,0
0.21902508,0
0.600207516,1
0.105336839,1
0.545480334,1
0.58250983,1
0.318786108,1
0.866704997,1
0.04202902,0
0.346700433,0
0.390552286,0
0.286722835,0
0.593294098,0
0.307617909,1
0.255808476,0
0.613436635,0
0.117774914,1
0.644572761,1
0.103874744,0
0.390135175,0
0.410709048,1
0.5284941,0
0.432070227,1
0.73298287,0
0.606581621,1
0.673335429,1
0.191829643,0
0.133721807,1
0.55615017,1
0.610315219,1
0.29702522,0
0.645046593,0
0.257811687,1
0.684593372,0
0.916725429,0
0.668288974,0
0.715604012,1
0.837459914,1
0.521283169,1
0.812144766,1
0.084243759,0
0.284899966,0
0.351249423,0
0.217735511,0
0.591598715,1
0.915461202,0
0.624163201,1
0.198132719,0
0.664601823,0
0.385421287,0
0.98633764,1
0.371607657,0
0.92215446,1
0.269644166,1
0.975621364,0
0.151284161,1
0.600739321,1
0.897399064,0
0.20017767,0
0.271454248,0
0.392673101,1
0.374879139,1
0.795038014,1
0.731562004,0
0.057297074,0
0.780941996,1
0.086564928,1
0.697993163,1
0.184545574,0
0.151140008,0
0.786977363,0
0.510381298,0
0.268739541,0
0.464856231,1
0.37485959,1
0.689152533,0
0.712875758,0
0.335868661,0
0.480991925,1
0.303483751,0
0.152207731,1
0.842431809,1
0.477287242,0
0.631317505,1
0.637521297,1
0.893289802,0
0.530435153,0
0.637696464,1
0.753265321,0
0.346922776,0
0.73240869,1
0.561409484,1
0.056508087,0
0.24237092,1
0.176575211,0
0.168581391,0
0.881187025,1
0.399156436,1
0.056388716,0
0.694872954,0
0.15957128,0
0.712110113,1
0.90235157,1
0.878419396,0
0.369665226,0
0.896683952,1
0.238977869,0
0.562206754,0
0.918212553,0
0.433355756,1
0.377149278,0
0.307029355,1
0.11800406,0
0.603077395,1
0.929031397,0
0.124777606,1
0.197325119,1
0.349522788,0
0.679271987,0
0.120337627,1
0.434579332,0
0.415239437,0
0.363974471,1
0.390753018,0
0.703287391,0
0.059664174,0
0.082028012,0
0.414863758,1
0.460272053,1
0.761249331,0
0.657500837,1
0.572707699,1
0.017305673,1
0.631119538,1
0.183043891,1
0.237692198,1
0.096044243,0
0.90880043,1
0.676028242,1
0.948071502,0
0.204253471,0
0.896674289,1
0.823217886,1
0.621868741,1
0.397319372,1
0.609804418,0
0.383545625,0
0.195470359,0
0.762907599,1
0.86584264,0
0.715692694,1
0.50493544,1
0.972431047,1
0.462456387,1
0.063337309,1
0.460549939,1
0.669313746,1
0.272699883,0
0.721396613,1
0.940146131,0
0.249073633,0
0.022931871,1
0.602400854,1
0.727287484,0
0.730580172,1
0.872804342,0
0.269900981,1
0.060084715,1
0.173343344,1
0.155914884,1
0.510135766,0
0.43084159,0
0.097921792,1
0.696762716,0
0.717537551,1
0.998903902,0
0.517836545,1
0.375425677,0
0.03904126,1
0.514049203,0
0.019830218,1
0.009680334,0
0.682901562,1
0.09620973,1
0.876178683,1
0.032225112,1
0.323250183,0
0.047505659,1
0.367785348,0
0.62681903,0
0.141503677,0
0.21000989,1
0.659100598,0
0.177022453,1
0.779265811,1
0.899918295,1
0.990978157,0
0.379061904,1
0.878757771,0
0.747580941,1
0.169027401,0
0.139798898,0
0.46638158,1
0.422338521,1
0.66045174,0
0.312123251,0
0.142510994,1
0.432142677,0
0.708217437,0
0.663569481,1
0.294667174,1
0.447371275,0
0.322363537,1
0.068642985,0
0.832734505,1
0.160352715,0
0.100464756,0
0.051237031,0
0.20443049,1
0.817394103,1
0.18834626,1
0.993420667,0
0.307321383,1
0.037599288,1
0.317092648,1
0.711948581,0
0.314111888,0
0.369762273,1
0.195138083,0
0.526687305,1
0.077886541,0
0.168373871,0
0.588618704,0
0.821700237,0
0.607165276,0
0.253134351,1
0.34818042,0
0.438843598,0
0.738134674,0
0.439520491,0
0.948066207,0
0.754015387,1
0.282214805,0
0.348720301,0
0.842660436,0
0.795989175,1
0.110680353,0
0.101919833,1
0.019933271,0
0.323956094,0
0.25122725,0
0.264492772,0
0.948401473,0
0.197986988,1
0.125141122,0
0.936835592,0
0.353460865,0
0.532291193,0
0.356317716,1
0.462508291,0
0.990508191,0
0.240090885,0
0.749784115,1
0.281642722,0
0.288922692,1
0.727283373,0
0.086235124,1
0.715222227,1
0.338734856,0
0.128682401,0
0.3076075,1
0.090265969,0
0.589807856,0
0.553629001,1
0.254244508,1
0.438438173,1
0.269183081,1
0.003805487,0
0.190417232,0
0.3706173,0
0.042098357,0
0.136625305,0
0.282391574,1
0.626148953,1
0.534171109,0
0.152707692,1
0.242741539,0
0.815154225,1
0.086392323,1
0.15176499,1
0.513259849,1
0.703741201,1
0.07042774,0
0.82864645,0
0.931093641,0
0.121071439,0
0.50504883,1
0.217428337,1
0.157910803,1
0.693069306,0
0.872531231,1
0.344436024,1
0.259297255,0
0.424083307,1
0.080829809,0
0.193320187,1
0.408883059,1
0.076720582,1
0.54074046,1
0.479820154,0
0.29450752,0
0.167511735,1
0.331720513,0
0.721925258,1
0.428785304,0
0.297613175,0
0.041063017,0
0.39079074,1
0.116554199,0
0.234870949,1
0.008774899,1
0.578672775,1
0.324597142,0
0.6127146,0
0.756696973,1
0.556020026,1
0.839102655,0
0.848710017,0
0.120931998,0
0.060282845,1
0.765422669,1
0.291643416,1
0.969423774,0
0.198770427,0
0.551356311,1
0.064159607,0
0.175190173,1
0.469655268,1
0.855166535,1
0.79438046,0
0.035489383,0
0.581229467,1
0.127091679,0
0.731755119,1
0.442239362,1
0.019396183,1
0.599113948,0
0.823961603,1
0.368642198,0
0.192184452,0
0.285059975,0
0.304871471,0
0.431668479,1
0.833585697,0
0.73152722,1
0.364086939,0
0.386527314,1
0.637581753,0
0.870930147,0
0.867046669,1
0.505483275,1
0.033155863,0
0.93883056,1
0.701515004,1
0.458531236,1
0.999979589,0
0.666217574,1
0.093254521,0
0.174385896,0
0.014709772,1
0.747885753,1
0.978002964,0
0.353737689,1
0.512749901,1
0.064301633,1
0.386126436,1
0.112029327,1
0.967503404,0
0.120243562,0
0.755302664,0
0.901681295,0
0.126538452,0
0.991933724,0
0.507023815,0
0.893299105,1
0.222792405,1
0.866610225,0
0.130474373,1
0.76028104,1
0.265718181,0
0.843287091,1
0.964495529,0
0.802188339,1
0.993435257,0
0.292048437,1
0.94728147,0
0.83357574,0
0.826312126,1
0.159729324,1
0.692351346,1
0.969660215,1
0.97956488,1
0.096637323,1
0.635415573,1
0.035062895,1
0.76265872,1
0.934418654,0
0.893653193,1
0.785499168,0
0.298300895,0
0.52700805,1
0.249269949,0
0.174268975,1
0.735812402,0
0.335144011,0
0.262720036,0
0.430780323,1
0.438014591,0
0.385760801,1
0.125855651,1
0.367227989,1
0.22972623,0
0.938931467,0
0.480390806,0
0.754931292,1
0.694758915,1
0.450282962,0
0.057137314,0
0.119737186,0
0.981613503,0
0.678370585,1
0.875391139,1
0.487597592,0
0.649649978,0
0.497855256,0
0.292370549,0
0.454156644,1
0.615866046,0
0.70620326,0
0.588453742,1
0.069557536,1
0.534319558,1
0.042235217,1
0.850460678,1
0.072177117,0
0.815990593,1
0.497722345,0
0.74851855,0
0.524894754,1
0.986182541,0
0.159320588,0
0.549563015,0
0.440315814,1
0.284156275,0
0.984737862,0
0.742965579,0
0.087301185,0
0.910100925,1
0.033106721,1
0.638607239,0
0.166158472,1
0.895908667,0
0.888535216,0
0.843464939,1
0.766470398,0
0.505736132,0
0.446445276,0
0.200251556,0
0.197930542,1
0.969840286,1
0.249292057,0
0.573635402,0
0.160117002,0
0.262050966,1
0.163662515,1
0.435575153,1
0.698865071,0
0.513339006,1
0.295594698,1
0.244227296,0
0.236265576,1
0.024030381,1
0.843044068,1
0.109822865,1
0.175401677,0
0.317320684,0
0.717906918,1
0.932123458,0
0.774511388,0
0.578710171,0
0.388642955,0
0.329413385,0
0.077613447,0
0.665441855,1
0.679750346,0
0.672759505,0
0.52359833,0
0.458639588,0
0.859202368,1
0.705226954,0
0.368841461,1
0.553584664,1
0.732849387,1
0.377299206,0
0.708105667,0
0.060815496,1
0.032702131,0
0.541778596,0
0.848049791,1
0.160861285,0
0.877038006,1
0.899612519,1
0.434621748,1
0.861868439,1
0.313301909,1
0.491218555,1
0.485588125,1
0.891849585,1
0.638385775,0
0.429460853,0
0.355616627,1
0.470357325,0
0.241856249,0
0.488188112,1
0.113527555,1
0.986290907,0
0.731765506,1
0.730618816,1
0.11175889,1
0.888698448,1
0.682274795,1
0.225411192,0
0.654863829,1
0.219696064,1
0.432446149,1
0.784196061,0
0.077788544,0
0.924879182,0
0.539227924,0
0.242246118,1
0.832453753,0
0.87616984,0
0.211371785,1
0.457840707,0
0.812277766,0
0.486982138,1
0.476631472,0
0.933221177,0
0.453900095,0
0.505043999,0
0.732006731,0
0.637742891,0
0.760578636,1
0.996542052,1
0.534445758,0
0.967667988,0
0.126305664,1
0.152885256,0
0.293256075,0
0.725403535,0
0.0212709,0
0.787732248,1
0.305898634,1
0.227669344,1
0.78549959,1
0.206216528,0
0.532716233,1
0.387413913,0
0.065959411,0
0.207039239,0
0.054368853,0
0.207136022,1
0.092333451,1
0.871054985,1
0.310425439,0
0.749459133,1
0.737375605,0
0.165649682,1
0.468382026,1
0.224847256,1
0.0806648,0
0.997492933,1
0.788570203,0
0.71333832,1
0.501098915,0
0.912412671,1
0.232482972,0
0.719817463,1
0.454354408,1
0.411017265,0
0.353888597,0
0.578137277,1
0.499878408,1
0.933234097,0
0.650039322,0
0.999418286,0
0.815752665,0
0.697104152,1
0.1727169,1
0.185553898,0
0.109243163,0
0.111718922,0
0.68752291,1
0.758438374,0
0.344640284,1
0.161534706,0
0.081091155,1
0.38553757,1
0.75084134,0
0.066435376,1
0.31384374,0
0.488869111,1
0.78896569,1
0.323467101,0
0.939654418,1
0.213306389,1
0.25594287,0
0.337731312,1
0.943285159,0
0.58703529,0
0.395660084,0
0.876341864,0
0.16233659,1
0.553975069,1
0.470690702,1
0.448927694,0
0.714153181,0
0.114238544,0
0.703478867,1
0.61809953,0
0.249090713,1
0.966849988,0
0.114866978,0
0.035834873,1
0.134950952,0
0.821689884,0
0.651966786,1
0.71251625,0
0.792971288,0
0.423024697,0
0.122585464,0
0.515889164,0
0.754574689,0
0.027035409,1
0.476915496,1
0.090705705,1
0.196070982,0
0.818845678,1
0.785420879,0
0.146458055,1
0.613065631,0
0.967918588,1
0.919622099,0
0.680775267,0
0.933078958,1
0.757041276,0
0.281761776,1
0.461634495,1
0.757486752,0
0.192750735,1
0.323256579,0
0.078049455,1
0.051878605,0
0.19910062,0
0.426560105,1
0.237295801,1
0.637102273,1
0.957673155,1
0.60847905,0
0.649421987,0
0.527333282,0
0.245154138,1
0.044111151,0
0.774124067,1
0.806589775,1
0.447481071,0
0.100425448,1
0.420940207,0
0.283136007,1
0.409268277,0
0.572375331,1
0.401574258,1
0.79799723,0
0.996384811,0
0.797005313,0
0.766872106,0
0.865288584,1
0.95191651,0
0.383004347,1
0.953168946,0
0.494505708,1
0.389693855,0
0.242818251,0
0.164092298,1
0.84759774,0
0.886768742,0
0.938262446,1
0.177133963,0
0.500585311,0
0.095108985,1
0.741452965,1
0.327893556,1
0.626382248,1
0.257755656,1
0.906457891,0
0.268338345,0
0.267484434,1
0.282435843,1
0.332667614,0
0.391969258,1
0.991485283,0
0.112005272,0
0.77665957,1
0.178849363,0
0.276615709,1
0.844166072,0
0.397119497,1
0.298799313,0
0.2542746,0
0.127797032,0
0.149946625,0
0.946663375,1
0.594623484,0
0.444267528,1
0.516122977,1
0.403580212,0
0.837580611,0
0.408029343,0
0.735933547,1
0.309580666,1
0.535015756,1
0.513879516,1
0.052676412,1
0.885600396,0
0.456816075,1
0.815494643,1
0.749203534,0
0.02484519,0
0.020235305,1
0.627413405,0
0.24110364,1
0.248315938,1
0.532160752,1
0.322141223,1
0.51965739,0
0.461055086,1
0.321492451,1
0.409576099,1
0.229037265,0
0.332771083,1
0.308345923,1
0.038569096,1
0.622409441,0
0.37315328,1
0.779822626,1
0.006781069,0
0.869697055,1
0.3670205,0
0.903642003,1
0.457433186,1
0.36847934,1
0.93197173,0
0.050914081,0
0.60167052,1
0.254943108,0
0.176462362,1
0.928678883,1
0.69537387,0
0.222115488,1
0.502575385,1
0.945438929,0
0.663779638,0
0.39259253,0
0.884684316,1
0.860434233,0
0.811539703,1
0.724124754,0
0.470261081,1
0.557957351,1
0.680388271,1
0.999552918,0
0.729433062,0
0.049408124,0
0.359552166,0
0.662512879,0
0.53123019,1
0.081766755,1
0.752095209,0
0.305200672,1
0.819356862,1
0.250343637,0
0.728610809,1
0.714477996,0
0.039368168,1
0.536605581,0
0.058962515,1
0.540725824,0
0.485772236,1
0.261689424,0
0.178696524,0
0.20212567,0
0.394713448,1
0.730111565,1
0.057524795,1
0.029714741,0
0.405893182,0
0.692262608,0
0.511900393,1
0.526926068,0
0.760392293,0
0.470534665,0
0.986945803,0
0.813757246,0
0.49349761,0
0.941507656,1
0.354722662,1
0.974986792,0
0.09901702,1
0.878212095,0
0.837415298,1
0.975083842,0
0.538052676,0
0.615382693,0
0.479546408,1
0.870246255,1
0.276248104,1
0.139542844,1
0.560493082,1
0.095914623,1
0.265598555,0
0.684098969,0
0.508874236,1
0.125460272,1
0.932772137,0
0.993365013,0
0.227019786,0
0.671637169,0
0.817248719,0
0.214927047,0
0.022149528,1
0.121435406,1
0.645341021,0
0.038083686,0
0.3288716,1
0.335160682,0
0.972633743,0
0.071035336,1
0.498619533,1
0.215832594,1
0.799604908,1
0.903301794,0
0.839815964,1
0.48067778,1
0.371575122,0
0.083589929,0
0.256253698,0
0.668172149,0
0.798624546,0
0.38050621,0
0.912291489,1
0.283011238,0
0.990089533,1
0.593971788,0
0.549434385,0
0.672447849,1
0.794567822,1
0.99348945,0
0.303194781,1
0.006707806,0
0.523242924,0
0.253793941,1
0.878928293,1
0.362693188,0
0.776242962,0
0.269513631,1
0.318420803,0
0.693064253,0
0.5811988,0
0.211819842,0
0.665314958,0
0.792547903,1
0.56331992,0
0.875634476,1
0.340484213,0
0.93665921,1
0.844757505,0
0.758127175,0
0.182742779,1
0.792204701,0
0.368908799,1
0.008391182,0
0.182163026,1
0.800919908,0
0.91616033,1
0.2226644,1
0.510473385,0
0.079293649,1
0.6666235,1
0.631080151,0
0.542200242,1
0.800855911,1
0.515976098,1
0.041752616,1
0.598859955,1
0.435815433,0
0.67734507,0
0.551024225,0
0.243601892,0
0.734829656,1
0.23627947,0
0.358447999,1
0.285103548,0
0.369758784,1
0.621289865,0
0.45111295,1
0.191812351,1
0.696161507,0
0.018344594,0
0.8947408,1
0.189871751,0
0.64681647,1
0.480163466,1
0.374518824,0
0.574249219,0
0.900126656,1
0.93428463,0
0.201104991,0
0.031172112,0
0.121455069,0
0.406940512,0
0.893183774,0
0.761247505,1
0.14350579,1
0.485982145,0
0.25285496,0
0.215063817,1
0.260354043,1
0.533924889,0
0.318509336,0
0.12656569,0
0.049534884,1
0.483285384,1
0.72175406,1
0.818088854,1
0.854058312,1
0.88324388,1
0.340022518,0
0.825451881,0
0.264250359,1
0.414235269,1
0.047490147,0
0.485672369,0
0.891677633,0
0.165510505,0
0.477976488,0
0.316618787,1
0.0635792,1
0.676264769,0
0.286555716,1
0.779948491,0
0.739802638,1
0.947235592,0
0.467534728,1
0.72081171,1
0.90523503,1
0.096864656,1
0.638378712,0
0.576552391,1
0.016297446,0
0.347850741,0
0.373511741,1
0.991890136,1
0.086125969,0
0.826419836,1
0.244460298,1
0.875888529,1
0.699644274,1
0.11262679,1
0.783261319,1
0.600977932,0
0.342036534,0
0.961644309,1
0.217306234,0
0.210320461,0
0.6852735,0
0.602883527,0
0.51935947,1
0.869312382,1
0.508808796,0
0.923105192,0
0.747993794,0
0.256953144,0
0.692950456,0
0.760807671,0
0.889862047,0
0.205837119,0
0.939848374,0
0.705796095,1
0.589498333,0
0.400046604,1
0.208781287,1
0.055032408,1
0.561286853,1
0.675699347,1
0.352286747,0
0.123372923,1
0.771495175,0
0.941662011,0
0.169907822,0
0.527458485,1
0.197407338,0
0.158472629,1
0.132195445,0
0.513817218,1
0.605192785,1
0.454371994,0
0.295289875,1
0.136230419,1
0.787508483,1
0.959856084,1
0.223585059,1
0.71599598,0
0.797529987,0
0.895807673,0
0.833733043,0
0.683087384,0
0.326606907,1
0.539725323,0
0.633718588,0
0.852117415,0
0.971077017,1
0.215308917,1
0.286145048,0
0.305788116,1
0.557880347,1
0.801824402,1
0.907351299,0
0.191355588,1
0.974169164,0
0.118751713,1
0.46911928,0
0.095707599,0
0.046749743,0
0.339469308,0
0.519381446,1
0.726371292,0
0.650909055,1
0.864173469,1
0.849202997,0
0.430338945,1
0.904762886,0
0.532538607,0
0.999044354,0
0.016460393,0
0.089865457,0
0.868811758,0
0.035216254,0
0.092064335,0
0.614240101,1
0.884469841,1
0.383033141,0
0.727837151,0
0.911463185,1
0.066348415,0
0.440137608,0
0.548511819,1
0.994000187,1
0.06588689,1
0.8348785,0
0.445497563,1
0.482082984,1
0.282712282,0
0.244736548,0
0.779955429,0
0.874957576,0
0.626886664,0
0.996329042,1
0.157255131,1
0.385750601,0
0.49594166,0
0.044946935,1
0.079434093,0
0.921146985,0
0.331224161,0
0.434284487,1
0.587180855,1
0.06611636,1
0.870114487,0
0.585278937,0
0.791941815,0
0.971299416,1
0.307711607,1
0.093873413,1
0.882314848,1
0.176230469,1
0.326261557,0
0.301631529,0
0.273036319,1
0.640287121,0
0.292896256,1
0.43479534,1
0.795551311,1
0.784441093,0
0.626936129,1
0.714708505,1
0.960000789,1
0.019965373,0
0.934801808,1
0.418447906,0
0.213763773,1
0.905160638,1
0.474013475,0
0.179262112,0
0.553362994,1
0.860969616,0
0.258069982,0
0.32986247,1
0.613408625,1
0.555462069,0
0.434212175,0
0.908110849,0
0.659677264,1
0.067884585,1
0.092799763,1
0.08649689,1
0.902714053,0
0.305624574,0
0.91418437,0
0.293165451,0
0.196950652,1
0.49533805,1
0.711904726,0
0.832770468,1
0.052359823,0
0.103589113,1
0.089560377,1
0.570560548,0
0.619254234,1
0.493265027,1
0.794254536,0
0.095694018,0
0.9114039,0
0.248207238,1
0.04422114,0
0.630126799,1
0.256035783,1
0.922073745,1
0.132081931,1
0.512616884,0
0.850833569,0
0.045108596,1
0.759912146,0
0.565992641,1
0.079215423,0
0.312896373,0
0.114893251,0
0.007882483,1
0.021874402,1
0.236718554,1
0.123728694,1
0.054207462,0
0.355262871,0
0.331931009,1
0.126144257,1
0.482783185,1
0.023535283,1
0.880789973,1
0.24159533,0
0.00736796,0
0.931609005,0
0.961411629,1
0.490211742,1
0.911498496,0
0.952100396,0
0.93794033,1
0.063082585,1
0.987732418,0
0.841843903,0
0.968185432,1
0.229889762,1
0.055224291,1
0.253380476,0
0.42751455,1
0.154867661,1
0.966180994,0
0.756646762,1
0.418968196,1
0.377344819,1
0.80789525,0
0.586641585,0
0.477200981,1
0.504820746,1
0.260256459,1
0.189006702,1
0.069409659,0
0.137727211,1
0.665029541,1
0.153324439,0
0.301497985,1
0.826973593,0
0.05644556,0
0.062321546,1
0.47255571,1
0.133358408,1
0.662883733,0
0.939389074,1
0.151132737,0
0.984820014,0
0.835849671,1
0.836961582,1
0.864763628,1
0.767263825,0
0.560785765,1
0.686931911,0
0.59815979,0
0.165573071,0
0.367518729,0
0.256184585,0
0.303407949,0
0.146280339,1
0.780666971,0
0.425005659,1
0.079679304,1
0.619388792,0
0.506383377,1
0.156382432,1
0.526777003,1
0.378178153,1
0.862907186,0
0.228872559,0
0.3813833,0
0.698949144,1
0.052260752,0
0.353429159,0
0.767282165,1
0.112413121,1
0.277024455,0
0.021507039,0
0.779544224,1
0.905744556,1
0.114933871,1
0.74168903,0
0.984618275,1
0.237082462,1
0.617490934,0
0.664668446,1
0.608050307,1
0.249465346,1
0.196953239,0
0.754843639,1
0.816187177,1
0.612293705,0
0.306676821,0
0.272618621,0
0.758526926,0
0.643096545,1
0.40171604,1
0.47766709,1
0.271875487,0
0.946260898,0
0.48285162,1
0.246409462,1
0.637517849,0
0.681771348,0
0.289185342,1
0.405248062,1
0.202669196,1
0.845591341,1
0.240739623,1
0.017982253,0
0.091601787,0
0.71402686,0
0.066872847,0
0.606566397,0
0.554336661,0
0.380101976,0
0.952677774,0
0.299992586,0
0.495901534,1
0.041457288,0
0.211059987,1
0.696893394,0
0.764132054,1
0.716561792,0
0.979853001,0
0.582820368,0
0.170306545,1
0.367291286,0
0.739116047,1
0.513884179,1
0.173767595,1
0.937020914,1
0.351383887,0
0.85937121,0
0.870074848,0
0.293969633,1
0.384722548,0
0.776966933,0
0.024304211,1
0.846092506,0
0.496659136,0
0.24525481,1
0.538257376,0
0.339281242,0
0.828216726,1
0.327513504,1
0.402121893,1
0.213786579,0
0.037529511,1
0.440440344,0
0.703177334,0
0.469090871,1
0.110750412,0
0.986311587,0
0.451406723,1
0.98764167,1
0.258123363,1
0.697701829,1
0.709633353,1
0.501964149,1
0.556738359,0
0.551958649,1
0.878176049,1
0.023754775,0
0.094362638,1
0.665134106,0
0.191558865,1
0.678952354,1
0.570245112,1
0.366055001,1
0.749147189,0
0.147078541,1
0.470298055,0
0.332135223,1
0.147572403,0
0.186692322,1
0.658983476,0
0.983831547,0
0.413457902,0
0.272569893,0
0.661582788,0
0.260342232,1
0.478046337,1
0.230630686,0
0.385221256,0
0.992393181,1
0.316050699,0
0.272108183,1
0.651353937,1
0.699695905,0
0.201963105,0
0.204021013,1
0.678700116,0
0.398757367,0
0.351296115,0
0.831548879,1
0.290145793,0
0.023204806,1
0.503050776,1
0.835279516,0
0.168224168,1
0.033734129,0
0.559984641,1
0.399476046,1
0.354748573,1
0.915838984,1
0.508462077,1
0.912254327,1
0.992479995,0
0.006766468,1
0.891143803,0
0.57695582,0
0.556626514,0
0.306825213,1
0.110312735,1
0.875582993,0
0.472990819,1
0.026736364,1
0.830622417,1
0.933581641,1
0.582087361,1
0.567837783,0
0.570296739,1
0.6261349,1
0.983661818,1
0.2059232,0
0.480076395,0
0.996081399,1
0.289423508,1
0.391046211,1
0.5881803,0
0.920563441,0
0.449665211,1
0.370947194,1
0.059138077,0
0.570422463,0
0.362177108,0
0.847607542,0
0.884147215,0
0.755350934,1
0.130519025,0
0.39712595,0
0.215937688,0
0.703228564,0
0.400188947,0
0.683925632,1
0.360099281,1
0.337616083,1
0.387011878,1
0.826309482,1
0.308851051,1
0.956701877,1
0.037684946,0
0.74231526,1
0.809989068,0
0.30111903,0
0.383958053,1
0.148848749,0
0.366671054,0
0.28692492,1
0.617515455,1
0.212115757,0
0.904626646,0
0.919824144,0
0.309262823,0
0.004403157,0
0.039164769,1
0.113592489,0
0.788993724,1
0.511544631,0
0.604795895,0
0.584710892,1
0.428597954,0
0.147735564,1
0.945249137,0
0.905770096,0
0.055354703,1
0.955786582,1
0.152949314,1
0.683049735,1
0.653053325,0
0.118824615,1
0.6003202,1
0.050433261,0
0.312558459,0
0.109434975,1
0.792612193,0
0.915255918,0
0.185082958,0
0.308464542,1
0.606497259,1
0.644879747,1
0.942642674,1
0.79189477,0
0.31970148,1
0.288113641,0
0.955118905,0
0.397804179,0
0.615300258,1
0.381454458,1
0.081143809,1
0.218802964,0
0.09586084,0
0.813187248,0
0.488694124,1
0.119890763,0
0.800905775,1
0.898813616,1
0.711619733,0
0.431845865,0
0.413473002,0
0.3223504,0
0.161318406,0
0.429501425,1
0.805113377,1
0.395164509,1
0.133668559,0
0.154215257,1
0.058248309,0
0.003590045,0
0.187265272,0
0.919207917,0
0.934261989,1
0.09748028,1
0.235892886,0
0.91300627,0
0.849964946,0
0.464479427,0
0.911794567,0
0.731848884,1
0.177301394,1
0.349077406,0
0.462909123,1
0.660002652,1
0.963331542,1
0.137639764,0
0.335388792,1
0.742062735,1
0.500852213,1
0.623124358,0
0.530804203,1
0.852957589,0
0.60075574,0
0.743955197,0
0.543373095,1
0.47254084,0
0.665318657,1
0.732717431,1
0.246870798,0
0.588741454,0
0.609286287,1
0.607448901,1
0.084051849,0
0.558152706,0
0.901239951,1
0.034875541,1
0.763502501,1
0.379736733,1
0.222411586,1
0.75359933,0
0.696794536,1
0.909303648,1
0.211041995,0
0.003460605,0
0.797109737,0
0.789166274,0
0.849322257,0
0.063338453,0
0.241832656,1
0.824510299,1
0.238138756,1
0.857470796,0
0.443569246,0
0.077221117,1
0.915021419,0
0.520156782,1
0.763985487,1
0.515515766,1
0.771100443,0
0.989696604,0
0.783596483,1
0.373850775,0
0.676145509,0
0.213933377,0
0.687200122,1
0.709442365,1
0.542164868,1
0.444741401,0
0.225170637,1
0.111456988,1
0.569664174,1
0.005375346,0
0.889824613,1
0.807667789,0
0.550767859,1
0.461017921,0
0.405760758,0
0.958750278,1
0.437595264,1
0.873282239,0
0.751577626,0
0.188289287,1
0.239400982,0
0.037478735,1
0.65277858,1
0.568408843,1
0.426799229,0
0.402335779,0
0.373548854,1
0.708811776,0
0.850901263,1
0.799106847,0
0.563121767,0
0.276262081,1
0.607055209,1
0.460094914,0
0.145873657,0
0.616641578,1
0.964825807,1
0.943160294,1
0.930459073,1
0.863858678,0
0.644807267,1
0.51978895,1
0.625633692,1
0.008418083,1
0.397182975,0
0.393410297,0
0.362497313,0
0.740017882,0
0.151823801,0
0.892570213,1
0.666976336,0
0.279125685,0
0.111087708,0
0.580492482,1
0.632768374,0
0.33095737,1
0.270310796,1
0.344976395,1
0.967522534,0
0.819816892,1
0.413422206,1
0.057805776,0
0.242540072,0
0.817144549,0
0.255928763,1
0.094960596,1
0.600392035,0
0.870578984,0
0.671752112,0
0.062214939,1
0.0201932,0
0.164348801,1
0.738916583,0
0.033754651,0
0.059343552,1
0.490491316,1
0.264412346,0
0.190766738,0
0.322507132,1
0.707764746,0
0.828730012,1
0.133752386,0
0.149182837,0
0.273564825,1
0.371672342,1
0.589834516,0
0.165674107,1
0.853298297,1
0.043119424,1
0.248267966,0
0.828778277,1
0.35534836,1
0.92998287,1
0.810980065,0
0.705165085,1
0.503910174,0
0.213915038,1
0.368797246,0
0.027766501,1
0.569565242,1
0.145774657,1
0.720689626,1
0.617280545,0
0.043246346,1
0.395304612,0
0.689235896,1
0.286971944,0
0.097582842,1
0.053750009,0
0.368623217,0
0.334366937,1
0.520537319,1
0.9316097,0
0.096035582,1
0.294517141,0
0.045860521,1
0.743886646,1
0.893696196,0
0.315706885,0
0.260275275,1
0.317868748,0
0.798053867,0
0.547256488,1
0.497239265,0
0.518299689,0
0.498878345,1
0.825029267,0
0.889282582,0
0.846419569,0
0.967127856,0
0.787586556,0
0.97837438,0
0.811167154,1
0.503766796,0
0.55248345,0
0.75829393,0
0.885937667,0
0.58553241,1
0.284945364,1
0.521527053,1
0.683413957,1
0.335694912,0
0.143922436,0
0.747483057,1
0.757221964,1
0.111322137,1
0.437885493,1
0.564950407,0
0.535942146,0
0.138767065,0
0.115899468,0
0.846042573,0
0.094145517,0
0.954873277,1
0.398833789,0
0.788624063,1
0.736606572,1
0.296108057,0
0.56634168,1
0.382100056,1
0.428589528,1
0.379561071,0
0.940571488,0
0.693713724,1
0.73616864,0
0.914767996,1
0.111136835,0
0.26006657,1
0.183672592,1
0.470871163,1
0.511882651,0
0.180268235,0
0.582661013,0
0.574433631,0
0.636186328,1
0.665808649,1
0.479983968,0
0.265619958,1
0.823349737,1
0.854350446,0
0.78599207,0
0.472435241,1
0.954340678,1
0.862963619,0
0.026097858,1
0.625379607,0
0.223292948,1
0.602761345,0
0.68857461,1
0.054252832,0
0.610792278,1
0.188335268,0
0.104199384,0
0.048553682,1
0.740543761,1
0.053780397,0
0.401498971,0
0.450581832,0
0.524188664,0
0.065071425,0
0.266391369,0
0.959581442,1
0.930330525,1
0.690920845,1
0.717254466,0
0.018873209,1
0.910248502,1
0.615967456,0
0.640337557,1
0.210505198,1
0.394450084,0
0.733921369,0
0.253611695,1
0.969256327,0
0.426774464,1
0.969088249,0
0.666048437,0
0.9679361,1
0.257967804,0
0.801027438,1
0.45556615,0
0.199043814,0
0.076460146,0
0.131149959,0
0.080539984,0
0.011756334,1
0.704485237,1
0.429562029,1
0.050612904,1
0.37730072,0
0.138053793,0
0.348246601,1
0.636897908,0
0.09797216,1
0.117132817,1
0.143505105,0
0.910386803,1
0.490020414,1
0.752259434,1
0.02924841,1
0.324661719,1
0.074601384,0
0.03443052,1
0.6834099,1
0.693654423,1
0.923837008,0
0.030841545,0
0.40813549,0
0.331371207,1
0.301209636,0
0.479385056,0
0.461462456,1
0.816779503,1
0.297027176,0
0.605656492,0
0.774211366,0
0.150670737,1
0.058498285,0
0.463862364,0
0.626369593,1
0.160233235,0
0.251081388,1
0.676972909,1
0.499322105,0
0.071537646,1
0.524149474,0
0.104573149,1
0.660633579,0
0.788492165,0
0.97962534,0
0.352643628,0
0.951670322,0
0.445247348,1
0.623814534,1
0.458848055,1
0.463079124,1
0.83631041,0
0.422087165,1
0.530715811,1
0.999424281,0
0.371774669,1
0.892026248,0
0.284326437,1
0.233926682,1
0.357056425,0
0.272557646,1
0.700482939,0
0.793673969,0
0.407520049,0
0.076301299,0
0.393853983,0
0.408636039,0
0.826540694,0
0.81651373,1
0.405994153,0
0.7619604,0
0.297983862,1
0.203706094,1
0.660497893,1
0.874076248,1
0.746819848,0
0.83207872,1
0.178421624,0
0.823794846,0
0.741128331,0
0.47517528,1
0.674338754,0
0.084880281,0
0.183794762,1
0.415727464,0
0.382965714,0
0.33522695,0
0.521050717,1
0.102353254,1
0.473807538,1
0.980409598,1
0.996787718,0
0.030326639,1
0.564527423,1
0.252799672,1
0.496577618,0
0.375462451,0
0.403509341,0
0.27657165,0
0.533801139,0
0.431983804,0
0.069040401,0
0.548221358,1
0.953617317,0
0.898413026,0
0.615732534,1
0.970177847,0
0.926289305,1
0.491957624,1
0.815561943,0
0.838772804,1
0.271393068,0
0.203014723,1
0.644892758,1
0.819502807,1
0.921281814,1
0.483446196,1
0.352746402,1
0.458050001,0
0.917633929,1
0.670943801,0
0.331559319,0
0.003621071,1
0.765313142,0
0.413446619,0
0.040001853,1
0.883015229,0
0.150876409,1
0.443713952,0
0.412395774,0
0.396829757,0
0.044661967,1
0.000180351,1
0.530233886,0
0.347287319,1
0.176329707,1
0.566579293,1
0.574281749,0
0.153553511,1
0.679549593,0
0.742515303,0
0.549028599,1
0.668923509,0
0.964318407,0
0.750733258,1
0.279551475,1
0.38535259,0
0.174558054,1
0.126142571,1
0.44547689,0
0.785982713,0
0.988490606,0
0.885387199,0
0.333031249,0
0.998512776,0
0.404806626,1
0.321004056,0
0.352245154,0
0.298690318,1
0.123801773,0
0.11275989,0
0.001097207,0
0.326318149,1
0.016299607,0
0.336716978,0
0.087449072,0
0.861721008,1
0.197994093,0
0.503668487,1
0.26600089,0
0.553064789,0
0.565651023,1
0.471301741,1
0.933526086,0
0.619587332,0
0.811146019,1
0.620321627,0
0.932997733,0
0.818834198,0
0.242457584,0
0.36632707,1
0.92054736,1
0.910131929,1
0.408438902,1
0.065509681,1
0.00409042,0
0.854328336,1
0.428286332,0
0.261983287,0
0.553673097,0
0.246072409,1
0.616611698,0
0.340462044,1
0.391411128,0
0.344494725,1
0.595810491,0
0.581699271,0
0.328255106,1
0.589851978,1
0.477164319,0
0.34585271,1
0.056805298,0
0.120317943,1
0.685128971,1
0.862699736,1
0.924235283,1
0.335775892,1
0.279769538,0
0.21742503,1
0.642474346,1
0.81741939,1
0.407365212,0
0.378347479,1
0.385204313,0
0.112499041,0
0.562146461,0
0.227969461,1
0.861114936,1
0.306810356,1
0.445674713,1
0.595840617,1
0.07129742,0
0.561660755,0
0.89225347,1
0.756716826,1
0.531719328,0
0.468847416,0
0.716818357,1
0.312924961,1
0.573602099,0
0.236350326,1
0.976685236,1
0.109286942,1
0.231730406,0
0.540150805,1
0.922593582,0
0.149221589,0
0.424172144,0
0.132860467,0
0.084048244,0
0.754404875,0
0.64327586,0
0.405919214,0
0.389074227,1
0.220283341,1
0.471944084,0
0.412150282,0
0.69147426,0
0.181470188,0
0.667042613,1
0.177841313,1
0.673656829,1
0.239043915,1
0.672220588,0
0.1991203,1
0.049727811,1
0.22202208,0
0.039327189,0
0.318768648,0
0.103915355,1
0.735544333,1
0.736759291,1
0.916812671,1
0.470369332,0
0.691991435,1
0.443428255,1
0.477334029,0
0.579052368,1
0.786300357,1
0.751247592,0
0.803000501,1
0.26836274,0
0.03694299,0
0.066006289,1
0.682844147,1
0.17982575,1
0.129690785,1
0.368236388,0
0.24531169,1
0.885766702,1
0.770081258,0
0.243196843,1
0.074295398,0
0.620217522,1
0.628447496,1
0.455197772,1
0.163445251,1
0.406329504,1
0.709366593,0
0.12383446,1
0.32041892,1
0.361150199,0
0.076401685,1
0.963688925,1
0.150211599,1
0.48887683,1
0.427354165,1
0.699638266,1
0.579410258,1
0.524255148,0
0.916971943,0
0.270300688,0
0.020001088,0
0.816810015,1
0.300125003,0
0.179566456,1
0.382372077,0
0.234761466,0
0.824129953,0
0.554675496,0
0.993459368,1
0.44159866,1
0.485990659,1
0.939161089,0
0.844184713,0
0.406477379,1
0.199844141,0
0.591309718,1
0.365642513,0
0.298742481,0
0.477245278,0
0.388308228,1
0.27452332,1
0.954758515,1
0.932427115,0
0.58280966,0
0.554489492,0
0.14528034,1
0.631500088,0
0.970150395,1
0.495333583,0
0.273582622,0
0.259936132,1
0.855026841,0
0.810353697,1
0.826687453,0
0.984054498,1
0.853922359,0
0.7104373,0
0.815323463,1
0.683691966,1
0.166846839,1
0.012020548,1
0.149650724,1
0.78426125,1
0.617772194,0
0.010424715,0
0.004681514,1
0.828093398,1
0.995446753,1
0.84807942,0
0.377890367,0
0.010807523,0
0.311399419,1
0.660503218,1
0.098092654,1
0.987421395,0
0.341262824,0
0.695034776,0
0.84739606,0
0.908541495,1
0.154121484,1
0.013501624,0
0.573618427,1
0.46352968,0
0.396199096,0
0.311724651,0
0.582206502,1
0.347740946,1
0.318754869,1
0.304276445,0
0.555510375,1
0.748957903,1
0.666384641,1
0.177762303,0
0.754023492,0
0.51493891,0
0.875223288,0
0.576978303,0
0.134129205,0
0.032227101,1
0.518626885,1
0.367084542,0
0.473689156,1
0.575101095,0
0.498289142,1
0.256196902,0
0.756428035,1
0.290492521,1
0.167654016,1
0.858331838,0
0.562418469,1
0.838005377,0
0.223649501,0
0.177478697,1
0.003753752,0
0.560104153,0
0.2650963,0
0.161957679,0
0.508934169,1
0.811154164,1
0.082500864,0
0.85373398,0
0.914053891,0
0.421304193,0
0.656877505,1
0.175097354,1
0.296766218,1
0.129461557,1
0.519071527,1
0.003426371,0
0.598386197,1
0.793103731,0
0.457576518,0
0.084259697,1
0.380545544,1
0.18445758,0
0.643945059,0
0.997235324,1
0.94158559,1
0.414732422,1
0.352226934,0
0.68126793,1
0.132962651,0
0.164924102,1
0.731004698,0
0.579608979,0
0.093342447,0
0.341382631,0
0.485709378,1
0.718058151,0
0.687567316,0
0.53602923,1
0.11887986,1
0.856152575,1
0.211996068,0
0.104115053,0
0.440856068,0
0.082064934,0
0.429749275,0
0.894019335,0
0.348053985,0
0.664293969,0
0.247146193,1
0.473916665,0
0.419341665,1
0.599054884,0
0.968525513,1
0.164349304,1
0.061139189,1
0.739027609,0
0.002579343,0
0.817160387,0
0.908252693,0
0.825974774,0
0.505453079,1
0.588409799,1
0.671800151,1
0.727908294,1
0.674447421,1
0.294507537,1
0.269515145,0
0.893889347,1
0.47490505,1
0.085009072,0
0.65272304,0
0.598157119,0
0.672619694,1
0.768224268,1
0.387412386,0
0.495421988,1
0.764789014,0
0.156421614,0
0.393585029,1
0.183857362,1
0.273071753,0
0.52926735,1
0.380798022,1
0.966319108,1
0.552538653,1
0.718784371,0
0.490133744,0
0.385915749,0
0.840607119,1
0.995005848,0
0.239103322,0
0.850307677,1
0.349756415,0
0.893815888,0
0.698621485,0
0.81101313,0
0.525380752,0
0.883460123,0
0.446277163,1
0.440078076,1
0.502500574,0
0.829871838,1
0.761004453,1
0.904104092,1
0.299140859,1
0.742384746,1
0.972231851,1
0.809392507,0
0.265356304,0
0.034812265,1
0.160068381,1
0.935546803,1
0.506308054,1
0.946255433,1
0.812926061,0
0.475756298,0
0.63623179,0
0.46718919,1
0.018950463,1
0.163384735,0
0.967110267,0
0.01634071,1
0.143355719,0
0.892365741,0
0.713163188,0
0.883797191,1
0.10802762,1
0.769609488,0
0.710323612,0
0.530770304,0
0.641505453,1
0.793882886,0
0.757895243,0
0.665527786,1
0.648650881,1
0.384494428,0
0.305075866,0
0.066011337,1
0.604495029,0
0.684681986,1
0.5508022,1
0.691835198,1
0.33195361,0
0.315270282,1
0.033007721,1
0.815178184,1
0.131690345,0
0.470133644,0
0.927343228,0
0.855935916,1
0.760946286,1
0.295456159,1
0.142329783,0
0.876421632,0
0.037495421,0
0.779653643,1
0.573418679,0
0.116612052,0
0.54509831,1
0.663731459,1
0.187833659,0
0.112552744,1
0.822673214,1
0.764160169,1
0.06817291,0
0.839025814,0
0.430977975,0
0.401040668,0
0.964718408,0
0.800822026,1
0.615807924,0
0.151241486,0
0.880542036,1
0.409740567,0
0.143573561,1
0.804327648,1
0.627167776,1
0.131017536,1
0.728935748,1
0.128858613,0
0.235956347,1
0.814043326,0
0.545490895,0
0.419607236,0
0.598502163,1
0.454962718,0
0.261091106,1
0.478477525,0
0.929298148,0
0.76928919,1
0.981796003,1
0.6709357,1
0.069842313,0
0.863972927,0
0.754890371,1
0.94018605,1
0.253087303,1
0.02890613,0
0.816911516,1
0.526708336,1
0.341564278,1
0.732445056,0
0.325334563,0
0.725232131,0
0.487790641,1
0.055822422,1
0.578466416,1
0.347078889,0
0.030433178,1
0.435946704,1
0.509528273,0
0.892965294,0
0.247353907,0
0.569006531,0
0.053914369,1
0.169006766,0
0.045500744,0
0.930915308,0
0.045273167,1
0.986880257,1
0.432127834,1
0.619856342,1
0.21125261,0
0.116686274,1
0.411561271,0
0.685938255,0
0.174019082,0
0.294624825,0
0.25582031,1
0.082958351,1
0.722423872,0
0.519456501,1
0.855104868,0
0.564882796,0
0.364313309,1
0.215175185,1
0.712031649,0
0.601954991,0
0.434496939,0
0.121421492,1
0.446845679,0
0.265801171,1
0.185039019,0
0.153249209,1
0.890117799,0
0.993531361,1
0.832130448,0
0.540817007,1
0.61680482,1
0.03895444,1
0.721061776,0
0.565247543,1
0.207456219,0
0.17427374,1
0.409420281,0
0.608524139,0
0.119905642,0
0.350683746,0
0.697612565,0
0.075938744,1
0.116395389,1
0.007690829,1
0.187991257,0
0.512794293,0
0.268201792,1
0.726247074,1
0.857371011,0
0.29631991,0
0.986062193,1
0.547009448,0
0.652300786,0
0.070147,1
0.292818759,0
0.30000709,0
0.896880041,0
0.883944924,1
0.733690766,1
0.027581483,1
0.884312047,1
0.093614309,1
0.465748048,1
0.414286818,1
0.896797633,0
0.224651609,1
0.955218087,1
0.652313096,0
0.358801852,0
0.970074444,1
0.106386134,1
0.935005171,0
0.736295902,0
0.165006005,0
0.479444993,1
0.138409134,0
0.512259387,1
0.527047346,1
0.060152128,0
0.921713581,0
0.541323719,0
0.649800948,0
0.303932145,0
0.890024809,0
0.110753422,0
0.175764243,1
0.346072533,1
0.676213556,0
0.964848739,0
0.178023166,0
0.780372129,1
0.219259043,1
0.103510523,1
0.637919163,0
0.589353557,1
0.591280981,0
0.467546403,0
0.383433922,0
0.340518706,1
0.507494548,0
0.968468461,1
0.068503415,1
0.675128336,1
0.62599351,0
0.502184044,1
0.45832102,1
0.584522577,0
0.190525292,1
0.146081176,0
0.290809703,1
0.272996653,1
0.841529695,0
0.093174933,0
0.782192757,1
0.094149279,1
0.506368557,0
0.536143663,0
0.038271315,1
0.521642233,1
0.488717459,0
0.768163046,0
0.991342146,1
0.594232108,0
0.920304661,1
0.283925817,1
0.08313484,1
0.394562006,0
0.015980708,1
0.87979077,0
0.754331458,0
0.430808604,1
0.44280052,1
0.449493623,1
0.978633763,1
0.979929592,0
0.973295108,0
0.156379226,1
0.942918467,0
0.617659001,1
0.989661456,1
0.521731027,1
0.236896072,0
0.954151007,0
0.521752171,1
0.051599025,0
0.682145318,0
0.999136801,1
0.548630216,1
0.718410776,1
0.926730468,0
0.925351644,0
0.162856613,1
0.584383894,1
0.702908854,0
0.602958409,1
0.574003451,0
0.96042793,0
0.482441668,1
0.125166909,0
0.798529887,0
0.984692013,1
0.279233787,0
0.01671912,1
0.440106625,0
0.100049355,1
0.222744022,1
0.784814448,1
0.739935447,0
0.618034913,1
0.901618565,1
0.950802074,1
0.577293454,0
0.140004305,1
0.562921382,0
0.668060949,0
0.888715335,1
0.795951859,1
0.122272219,1
0.843330942,1
0.21002395,0
0.886314036,0
0.892925421,0
0.8122829,1
0.851149633,1
0.320712407,1
0.847815262,1
0.505996299,0
0.277672661,0
0.072975791,0
0.788670819,0
0.742016833,0
0.427496669,0
0.79240638,0
0.351813182,0
0.069946607,0
0.610044114,0
0.470681492,1
0.800920485,0
0.835353446,0
0.147162834,1
0.795795755,0
0.863436201,0
0.698152578,0
0.960082523,0
0.159152429,0
0.057208673,0
0.680280065,0
0.411118087,0
0.647054838,1
0.613577621,0
0.815058377,0
0.031011732,1
0.813542786,1
0.438413974,0
0.515950947,1
0.66797664,0
0.291713844,0
0.519772656,1
0.661011424,1
0.524215667,0
0.622232024,0
0.194925409,0
0.820093682,0
0.998542182,0
0.166189519,0
0.975649511,1
0.938726273,1
0.267943901,1
0.864607645,0
0.657258112,0
0.310941772,1
0.843373637,0
0.690812294,0
0.473919723,0
0.638834844,1
0.206759415,1
0.909360666,0
0.78769208,1
0.657480589,1
0.14542588,0
0.565444738,1
0.868417669,1
0.81452765,0
0.978180669,1
0.647123007,1
0.994633243,1
0.648268681,0
0.240185034,0
0.232139808,1
0.323277655,1
0.377661721,0
0.04755763,0
0.334910854,1
0.209586317,1
0.482971257,1
0.803565851,1
0.837668939,1
0.574753374,1
0.365665937,1
0.025135344,0
0.331390692,1
0.188607027,0
0.88848861,0
0.027473192,0
0.093611378,1
0.945182938,0
0.963188929,0
0.0522731,1
0.339624061,1
0.05092466,0
0.550472599,1
0.245583493,1
0.159863949,0
0.49015387,0
0.701000036,1
0.211240134,1
0.313343658,1
0.682407238,1
0.290844245,1
0.826422475,1
0.38530739,1
0.359020168,0
0.633334671,0
0.893079643,1
0.400880208,1
0.612553209,0
0.202289478,1
0.159228081,1
0.262270466,0
0.885953896,1
0.296019612,0
0.085839979,0
0.368089783,1
0.403310945,0
0.825859799,0
0.281779439,1
0.435889864,0
0.34733411,1
0.112846228,1
0.700558097,1
0.217190786,1
0.120863278,1
0.010836357,0
0.712039909,1
0.78184948,0
0.899578164,0
0.830967444,0
0.006695003,0
0.008741552,0
0.645537231,0
0.49511691,0
0.259180628,1
0.161031794,1
0.961428594,0
0.812850048,1
0.876898243,1
0.502738069,0
0.765285657,0
0.711850057,0
0.790871269,0
0.918847926,1
0.131343394,0
0.691466951,1
0.745760517,0
0.892195857,0
0.722163836,1
0.71504846,1
0.318759159,1
0.133176616,0
0.41255656,0
0.644538364,0
0.790020924,1
0.40525029,0
0.17728484,0
0.216741297,0
0.957632545,0
0.421009533,0
0.594614754,1
0.129559148,0
0.252573875,1
0.768840499,1
0.335667074,1
0.912987379,1
0.165917097,0
0.717194169,0
0.165233035,1
0.15104196,1
0.798761823,1
0.731261406,0
0.488796731,1
0.345651455,1
0.484430831,0
0.678341816,0
0.301292439,1
0.20048125,1
0.311587946,0
0.550032788,1
0.558535559,0
0.327159624,0
0.706184147,1
0.657157524,0
0.550630873,1
0.360945975,0
0.856707139,1
0.935491476,1
0.007239561,0
0.049506016,0
0.909811511,1
0.243408089,0
0.084414727,0
0.911001601,0
0.747849707,1
0.729577209,0
0.515683467,1
0.986852034,1
0.076725113,0
0.103545075,0
0.352018652,1
0.871571189,1
0.431928887,1
0.434870689,1
0.882350052,1
0.56910521,0
0.169661468,1
0.435538416,0
0.459874856,0
0.629189386,0
0.693281023,0
0.002993955,1
0.060964328,0
0.138867052,0
0.452153162,0
0.815449854,1
0.391208949,1
0.714780817,1
0.83612273,1
0.896161752,0
0.032489738,0
0.628071502,0
0.214685922,1
0.006773449,0
0.791285552,1
0.577666477,1
0.495024538,1
0.988701559,0
0.699828803,0
0.315174948,1
0.657758348,1
0.67629569,0
0.336766262,1
0.711618004,0
0.677592696,1
0.862122695,0
0.314682285,1
0.383062088,0
0.667016994,0
0.431144172,1
0.926239393,0
0.46441665,1
0.006712691,0
0.374188051,0
0.390860371,1
0.241918448,1
0.162813635,1
0.677267168,1
0.525591629,0
0.102400128,1
0.660702768,0
0.91094026,0
0.820061661,0
0.9778197,0
0.7846559,1
0.479413092,0
0.363748928,0
0.365963473,1
0.697906116,0
0.349715013,0
0.720833994,0
0.687364713,1
0.033163149,0
0.078932741,0
0.927804063,0
0.791643304,0
0.656935414,0
0.455931683,1
0.388706129,1
0.738303439,0
0.988680672,0
0.686468483,1
0.163218192,0
0.001457048,1
0.914554087,1
0.467772142,0
0.602441104,0
0.39823874,0
0.488158556,1
0.307343074,1
0.210774234,1
0.633793885,0
0.465375798,0
0.186881028,0
0.466583047,0
0.248438669,1
0.302583701,0
0.267600822,1
0.608221026,1
0.582848947,1
0.829510121,1
0.762221961,0
0.80017525,1
0.100245033,1
0.382571385,0
0.806687654,1
0.150914623,0
0.087519168,0
0.930329667,0
0.083538228,0
0.235181554,1
0.809646468,0
0.490739004,1
0.253238977,1
0.17315555,0
0.119653355,0
0.342457838,0
0.778228029,0
0.360435545,0
0.12455477,1
0.540266453,1
0.809610368,0
0.142945522,0
0.387865277,1
0.877594618,0
0.405431789,1
0.987360416,1
0.98714777,1
0.49567316,0
0.668837849,1
0.188389242,1
0.061667476,1
0.549241505,1
0.294841773,0
0.118472355,1
0.889663253,1
0.72688247,1
0.516206585,1
0.690356279,1
0.636836735,0
0.92850871,0
0.251289217,0
0.987149276,1
0.267111731,1
0.601082123,0
0.973763229,0
0.007491535,0
0.673308899,1
0.377605829,1
0.512586639,0
0.999852426,0
0.152083059,0
0.222276784,1
0.323071408,1
0.35338421,0
0.483425655,0
0.730671196,0
0.655679388,0
0.549184901,1
0.40366091,1
0.817780999,0
0.764985394,1
0.77227662,0
0.070914781,1
0.351688794,0
0.460027398,1
0.442866712,0
0.038970058,1
0.463668763,1
0.952440845,1
0.200456044,1
0.455427331,0
0.579029961,0
0.311566447,0
0.203621173,0
0.688640428,0
0.36581301,1
0.496181522,1
0.49759642,1
0.195862274,1
0.123867146,1
0.302329791,1
0.624951179,0
0.216562214,0
0.512687236,0
0.875389181,0
0.688713768,0
0.651752899,0
0.531521962,1
0.428389285,0
0.487383477,1
0.29734434,1
0.076299595,1
0.880786943,0
0.158544881,1
0.374757851,0
0.690696811,1
0.856472415,1
0.053369357,0
0.101873795,1
0.42525649,1
0.082723284,1
0.049373552,0
0.361494463,0
0.670484901,1
0.352105243,0
0.980202705,1
0.577838649,1
0.419304475,1
0.000489039,1
0.087681886,1
0.184930763,1
0.598520475,1
0.211549352,0
0.314916931,1
0.387198491,0
0.082923436,1
0.785476374,1
0.968500633,0
0.640060339,1
0.651270247,0
0.128009355,1
0.079263328,1
0.109055332,1
0.93721891,1
0.069247523,0
0.268419575,0
0.112604558,0
0.505233033,0
0.130334019,1
0.853739258,0
0.733431811,0
0.672317432,0
0.718450679,0
0.606308652,1
0.726348606,0
0.332075549,0
0.790948034,0
0.60785146,1
0.253859374,0
0.621029613,0
0.649438618,0
0.695045177,1
0.705038463,0
0.210105175,1
0.184544754,1
0.610724185,0
0.44147284,0
0.650932254,0
0.123387989,1
0.151131576,0
0.941500711,1
0.984015336,1
0.469299829,0
0.35684292,0
0.05081079,1
0.995605213,0
0.07212361,0
0.647774382,1
0.73263632,0
0.610819284,1
0.618510932,1
0.488234401,1
0.37119918,1
0.996171192,0
0.354856465,1
0.950058026,1
0.024711393,1
0.234774994,0
0.418196109,0
0.409110583,0
0.994564167,1
0.531496481,1
0.805262547,0
0.729950883,0
0.439388988,1
0.494552508,0
0.427032812,0
0.961748645,1
0.006239496,1
0.631584068,1
0.282644515,1
0.802608984,1
0.305189496,0
0.575903268,1
0.91670314,0
0.652576088,0
0.66483323,1
0.351919209,1
0.561422692,0
0.712228562,0
0.664125083,1
0.647729995,1
0.443225563,0
0.983158021,1
0.762576756,1
0.375962071,0
0.459072518,0
0.655805407,1
0.913830616,1
0.261194716,0
0.758671364,0
0.334572433,0
0.46821777,1
0.939747691,1
0.740120644,1
0.665470282,0
0.523859703,0
0.873799554,0
0.031369729,0
0.906746246,0
0.742030461,1
0.596600857,1
0.355570368,0
0.379447082,1
0.912948725,0
0.007473525,1
0.29735237,1
0.017737508,0
0.600623849,0
0.560653351,1
0.265977067,1
0.75855874,0
0.209130186,0
0.458832158,0
0.915668443,0
0.705026812,1
0.730873352,1
0.178049729,1
0.695632116,0
0.255834684,1
0.89168286,1
0.604551267,1
0.892091431,0
0.990008822,0
0.388368941,1
0.710446277,0
0.353016312,1
0.602779258,0
0.127846293,0
0.664178983,1
0.038774415,1
0.065322859,0
0.907752582,1
0.304899874,1
0.215499714,0
0.939649581,1
0.452210558,0
0.116771353,0
0.836512189,0
0.195260515,0
0.805141621,0
0.971541638,0
0.463295718,0
0.646289197,0
0.154121877,1
0.635196602,1
0.753912073,0
0.56537352,1
0.459873362,1
0.086825207,0
0.565612628,0
0.523193815,1
0.815665467,0
0.107380152,0
0.930783909,1
0.223459684,1
0.631347288,0
0.378880506,1
0.068150289,0
0.363059321,1
0.978987514,0
0.501332777,1
0.626323042,0
0.431478779,1
0.909136338,1
0.948255757,0
0.206273817,0
0.742030171,1
0.81008262,0
0.614832746,1
0.835298937,1
0.507935385,1
0.291396507,0
0.096297943,1
0.736905754,0
0.534366689,0
0.345421078,0
0.328374045,1
0.869587234,1
0.364654477,1
0.195658041,0
0.851925078,0
0.997477655,1
0.180942735,1
0.738566542,1
0.196542552,1
0.03799052,1
0.940300383,0
0.16735277,1
0.377179615,0
0.35098747,1
0.752042968,0
0.740189878,1
0.785932983,0
0.801440852,1
0.941397636,0
0.561017274,0
0.604021678,0
0.459238634,1
0.853634426,1
0.471130837,1
0.982692505,1
0.797513915,0
0.735257897,0
0.576537487,1
0.334869144,0
0.26831445,1
0.695521935,0
0.296403339,0
0.556772673,1
0.877708283,1
0.217950452,0
0.962891055,0
0.937182687,0
0.074591703,0
0.247820517,1
0.653161427,1
0.466626829,0
0.523405006,1
0.467615718,0
0.089325671,0
0.500248835,1
0.168387008,1
0.084683414,0
0.262137846,1
0.78421787,1
0.899945054,1
0.06296956,0
0.630972322,1
0.478846205,0
0.465270794,1
0.232099223,1
0.854382092,0
0.289321517,0
0.894382239,0
0.681782827,0
0.205177939,1
0.653703608,1
0.918149394,1
0.574828194,0
0.935832042,0
0.395001508,1
0.196988974,1
0.061937089,1
0.693148064,0
0.670664122,0
0.356824681,1
0.931403627,0
0.513097738,1
0.935968712,0
0.283655023,1
0.29572309,0
0.900672842,0
0.777196265,1
0.250528544,1
0.003033894,0
0.284167621,1
0.249677461,1
0.997984066,1
0.484999755,1
0.511127642,1
0.800657468,0
0.022222727,1
0.791988494,0
0.703263391,1
0.373302146,0
0.092898105,1
0.795930354,1
0.831791616,1
0.981222237,1
0.610164297,0
0.449697256,1
0.777072049,1
0.504580804,1
0.589866086,0
0.947256214,1
0.499368666,1
0.794151966,0
0.642268845,1
0.794882791,1
0.388784012,1
0.422129217,1
0.673277886,0
0.716482494,1
0.14985244,1
0.974461242,1
0.682263493,0
0.399686339,0
0.000910572,1
0.666028889,0
0.813228735,0
0.064786531,1
0.771608071,0
0.851138664,1
0.780298591,0
0.865067504,1
0.847664089,1
0.199716499,1
0.252335663,0
0.324878566,0
0.729748264,1
0.123412586,1
0.312351383,1
0.206868598,0
0.601630243,0
0.13436789,0
0.869467791,1
0.545083056,1
0.354647738,1
0.271819131,1
0.700652997,0
0.050958173,0
0.84332356,1
0.260464481,0
0.831629154,1
0.180471873,0
0.089341619,0
0.176095805,0
0.51111831,1
0.949274399,1
0.482420346,1
0.468558986,0
0.938794382,0
0.608082259,0
0.43329896,1
0.620564052,0
0.567027902,1
0.446688755,0
0.925439179,0
0.572453081,1
0.842135045,1
0.499219576,0
0.067344847,1
0.618781179,0
0.637532226,0
0.322987126,1
0.686351455,1
0.821283984,0
0.724885484,1
0.038567262,1
0.7547185,0
0.382556427,1
0.484509599,0
0.331303987,1
0.658296055,1
0.505597197,0
0.515474907,0
0.167394274,1
0.253342913,1
0.106278947,0
0.058865016,0
0.550906522,1
0.548542734,0
0.743961515,0
0.693208281,0
0.777457248,1
0.904964137,1
4.32385E-05,0
0.249397474,1
0.522201888,0
0.468958527,1
0.239114363,0
0.832641609,1
0.419859873,1
0.541597971,0
0.564258797,0
0.053246938,0
0.484986468,1
0.202606285,0
0.536780092,0
0.685316725,1
0.030178022,0
0.179053642,1
0.299263186,0
0.757665384,0
0.858327365,1
0.840051137,0
0.165463981,0
0.816253683,1
0.520103759,0
0.408649082,0
0.904714887,0
0.31019996,0
0.626329675,0
0.868643254,1
0.323784852,1
0.111431589,0
0.66227539,0
0.752131219,1
0.038637295,1
0.710325163,1
0.023768059,0
0.558281321,0
0.496097181,1
0.389983743,0
0.091153425,0
0.719167175,0
0.118448272,1
0.030181198,1
0.193712892,0
0.645801062,0
0.003485072,1
0.105117152,0
0.544376013,0
0.759501118,0
0.874221348,0
0.15825144,1
0.555915769,1
0.653348862,0
0.431799756,1
0.26254447,0
0.218937902,1
0.400696114,0
0.403816575,1
0.264778647,0
0.971988173,0
0.89926094,0
0.091190415,0
0.821306448,0
0.949748122,0
0.941715972,0
0.789192369,1
0.210553911,1
0.176028908,1
0.883760277,1
0.630228065,0
0.329376489,1
0.64821632,0
0.095290137,1
0.752094616,0
0.935161715,0
0.489833801,1
0.015482076,1
0.609779715,0
0.250374163,1
0.301764697,1
0.910930305,1
0.151843072,1
0.613685051,0
0.275793683,0
0.396557153,1
0.189077974,1
0.492766472,1
0.009607947,0
0.094014904,1
0.278006611,0
0.333607167,0
0.312867978,1
0.465196581,0
0.301491315,0
0.619999234,1
0.000316513,1
0.901064231,1
0.194967674,1
0.689932735,0
0.483614162,1
0.269833479,0
0.455080282,1
0.151280153,1
0.659683044,0
0.561550306,1
0.606643046,1
0.810084957,0
0.815142602,0
0.473287534,0
0.27966024,1
0.829034267,0
0.33037582,1
0.557187798,1
0.060329763,1
0.075108911,1
0.114124327,1
0.884557034,1
0.965235868,1
0.703960512,0
0.155450538,1
0.497804983,0
0.134082388,1
0.135914864,0
0.690371548,0
0.537350189,0
0.241024825,1
0.86464157,1
0.351595544,1
0.379801451,1
0.961487836,0
0.203348836,1
0.477443719,0
0.717820904,0
0.037814453,1
0.183541736,0
0.881184549,1
0.366576601,1
0.8806056,0
0.444629056,0
0.781556511,1
0.401486305,1
0.047030965,1
0.735829499,0
0.500648114,0
0.739414001,0
0.118135692,1
0.391948638,1
0.020833402,0
0.609474284,1
0.812118586,1
0.328856742,1
0.949127451,0
0.797763819,0
0.037066083,0
0.277633472,0
0.911655645,1
0.778256662,0
0.673240839,1
0.501494496,1
0.625949883,0
0.285545715,0
0.97761727,0
0.792665197,0
0.968533078,1
0.342015438,1
0.466398497,1
0.761536616,0
0.11270607,0
0.556622187,1
0.418736436,0
0.861306738,1
0.277737504,0
0.451909071,1
0.356321698,0
0.12059506,0
0.854864016,0
0.070058917,1
0.359787969,0
0.409805956,1
0.046629054,1
0.295179667,1
0.045509065,0
0.522183245,0
0.045623868,0
0.839218707,0
0.393660294,1
0.108958158,1
0.785582368,0
0.44249961,0
0.07234234,0
0.625229121,1
0.617147652,0
0.401732029,1
0.023791096,1
0.140970222,1
0.413644062,0
0.002006606,1
0.017639817,0
0.422458379,0
0.239745008,0
0.005310931,1
0.226330148,0
0.949108645,1
0.295161362,0
0.357510403,0
0.379548456,1
0.166780708,0
0.442238036,1
0.773670006,0
0.385587731,0
0.675628389,0
0.569133092,0
0.825686888,1
0.154622445,1
0.046601822,1
0.943164523,1
0.238219791,0
0.262277233,1
0.849576858,0
0.312673316,0
0.043181425,1
0.056055473,1
0.565520189,1
0.43584931,1
0.436391723,1
0.533938328,1
0.447165677,0
0.365602373,1
0.890964033,0
0.294789394,1
0.763103612,0
0.633224364,1
0.660315863,0
0.389462874,1
0.097722597,1
0.975118083,0
0.379198234,0
0.324435041,1
0.805710496,0
0.775801822,1
0.634350978,1
0.826566162,0
0.369115287,1
0.729245747,1
0.222511348,1
0.202560866,0
0.541628767,1
0.222863082,1
0.300160876,1
0.876967664,1
0.165096792,1
0.131716535,0
0.567774026,0
0.257235971,0
0.446017031,0
0.582257726,1
0.376133743,1
0.882424327,0
0.070741946,0
0.532437875,1
0.486973639,0
0.889624019,0
0.164736364,0
0.90061406,0
0.946067147,1
0.50819154,0
0.017308164,1
0.924892974,1
0.001652116,0
0.292462409,0
0.049853854,1
0.433670099,1
0.909616307,0
0.637178979,1
0.013394652,0
0.336746303,1
0.814667792,0
0.45029888,1
0.53619224,1
0.161740621,0
0.591090342,1
0.413209112,0
0.707856024,0
0.38650434,0
0.254168268,0
0.235041511,0
0.021870538,0
0.811485581,1
0.172344198,0
0.600547025,0
0.297199688,1
0.358608533,0
0.168382745,0
0.330683439,0
0.479852742,0
0.7764855,0
0.397483357,0
0.087480553,1
0.002462913,1
0.722145151,1
0.78752026,0
0.760012228,0
0.188166411,0
0.419592223,1
0.007310754,0
0.277201977,1
0.251321119,1
0.711653758,0
0.612506959,1
0.100656313,0
0.144407963,1
0.533028489,0
0.454002284,0
0.877976112,1
0.787856999,0
0.223197947,1
0.703751765,1
0.52464578,0
0.131535557,1
0.550503687,1
0.01431091,0
0.49253664,1
0.941003492,0
0.383646856,0
0.032661892,0
0.582637682,1
0.219306461,1
0.551986009,1
0.051643055,1
0.581290563,1
0.892905608,0
0.249614547,0
0.115639281,1
0.312642456,0
0.079985219,0
0.39739834,0
0.172306373,0
0.154221386,1
0.123243697,0
0.373483472,1
0.342305461,1
0.784728148,0
0.95598103,0
0.165858757,0
0.013509201,0
0.631077545,0
0.391739499,1
0.034497023,1
0.752053082,1
0.175919599,1
0.360093753,0
0.097721255,0
0.359057242,0
0.884936787,1
0.532112464,1
0.351880598,0
0.451080747,1
0.938214174,1
0.021698232,1
0.538213694,1
0.885199816,0
0.391312247,0
0.678597862,0
0.167002121,0
0.980739729,0
0.554695337,1
0.109807623,0
0.491433582,0
0.157038402,1
0.717079769,0
0.641825097,0
0.884448238,1
0.680819937,0
0.126742463,0
0.119278609,1
0.71689898,0
0.259720743,1
0.134547367,0
0.068299014,0
0.20430148,1
0.874617782,1
0.954068846,0
0.475189385,0
0.094995821,0
0.989582036,1
0.17083446,0
0.348385552,0
0.29699543,1
0.013237849,0
0.278637901,0
0.016728108,1
0.203126049,0
0.50506001,1
0.013126606,0
0.192552481,1
0.352241064,1
0.541126342,1
0.163484424,1
0.909883033,1
0.241711795,1
0.836019794,0
0.422708377,0
0.65135626,1
0.461048896,1
0.885098327,0
0.439049078,1
0.612871902,0
0.497708184,0
0.236913052,0
0.449788104,0
0.42726403,1
0.167006068,1
0.745704534,0
0.929463265,0
0.162696105,1
0.575397888,0
0.914084034,0
0.494512547,0
0.117433701,0
0.226954665,0
0.185717263,0
0.165155431,0
0.259607297,0
0.392479513,0
0.399590553,0
0.542358189,1
0.640149738,0
0.701963387,0
0.563125384,0
0.227527996,1
0.28553471,1
0.260263043,0
0.230137828,0
0.68243307,0
0.543332283,0
0.765087395,0
0.442842803,0
0.686469628,1
0.140502068,1
0.163587573,1
0.590971789,1
0.692358946,1
0.042334133,1
0.142041281,0
0.805971931,0
0.668669517,1
0.596975278,0
0.066748021,0
0.575886981,1
0.261192879,0
0.295702126,0
0.247027114,0
0.166396573,1
0.817859072,1
0.216873372,0
0.396908373,0
0.622902787,1
0.769352856,1
0.414610489,0
0.824525288,1
0.502018628,1
0.346303131,1
0.354352149,0
0.182825326,0
0.002835944,0
0.603536839,1
0.507894094,0
0.462516406,0
0.779471447,0
0.893554362,0
0.35422772,0
0.565688555,0
0.284351241,1
0.832166649,0
0.457488406,1
0.332747298,0
0.537052655,1
0.630683174,0
0.992586611,1
0.426529709,0
0.555644279,0
0.621019782,1
0.700971772,1
0.37037965,1
0.448195076,0
0.960885289,0
0.455015535,0
0.374627339,1
0.465551105,0
0.201332142,1
0.156301296,0
0.258268754,1
0.292540465,0
0.322111604,0
0.802763389,1
0.922251918,0
0.377878841,0
0.007721041,0
0.001894392,0
0.899335308,1
0.541680064,1
0.132364876,1
0.459843776,0
0.612544255,1
0.169800746,1
0.930975399,1
0.853039085,1
0.760826755,0
0.48188146,1
0.32554193,1
0.431486984,0
0.757930439,1
0.824274595,1
0.427962097,1
0.031657643,1
0.897335284,1
0.032261886,0
0.414182213,0
0.425197503,1
0.871369395,0
0.632513546,0
0.182374602,1
0.395322615,0
0.951951417,0
0.315283545,0
0.125770744,1
